"MTT_Number","MTT_Hour","Date","File_Name"
3,"24H","2025-05-05","MTT3_24H_2025-05-05_raw.xlsx"
1,"24H","2025-05-05","MTT1_24H_2025-05-05_raw.xlsx"
1,"24H","2025-05-05","MTT1_24H_2025-05-05_raw.xlsx"
1,"48H","2025-05-05","MTT1_48H_2025-05-05_raw.xlsx"
1,"48H","2025-05-05","MTT1_48H_2025-05-05_raw.xlsx"
1,"48H","2025-05-05","MTT1_48H_2025-05-05_raw.xlsx"
1,"72H","2025-05-05","MTT1_72H_2025-05-05_raw.xlsx"
1,"48H","2025-05-05","MTT1_48H_2025-05-05_raw.xlsx"
3,"48H","2025-05-07","MTT3_48H_2025-05-07_raw.xlsx"
5,"72H","2025-05-07","MTT5_72H_2025-05-07_raw.xlsx"
